classe,art_cosia_1_titre,art_cosia_1_url,art_cosia_2_titre,art_cosia_2_url,art_cosia_3_titre,art_cosia_3_url,art_ctx_1_titre,art_ctx_1_url,art_ctx_2_titre,art_ctx_2_url,art_ctx_3_titre,art_ctx_3_url,art_ctx_4_titre,art_ctx_4_url,art_ctx_5_titre,art_ctx_5_url,art_ctx_6_titre,art_ctx_6_url,resume
Broussaille,"Dans les forêts landaises, les coupes rases ont toujours la cote",https://www.lemonde.fr/planete/article/2022/03/17/dans-les-forets-landaises-les-coupes-rases-ont-toujours-la-cote_6117825_3244.html,Reconvertir des friches (1/4) : enjeux et mode d'emploi,https://www.actu-environnement.com/ae/news/enjeux-et-mode-emploi-reconversion-des-friches-46774.php4,"Un feu sur deux est la conséquence d’une imprudence, l’appel à la vigilance du parc des Baronnies",https://www.ledauphine.com/environnement/2021/08/18/un-feu-sur-deux-est-la-consequence-d-une-imprudence-l-appel-a-la-vigilance-du-parc-des-baronnies,"Savoir évaluer les incidences des projets sur les sites Natura 2000, un vade-mecum de la théorie à la pratique",https://www.cerema.fr/fr/actualites/savoir-evaluer-incidences-projets-sites-natura-2000-vade,Espaces naturels sensibles des Aravis : 14 000 ha sur 3 sites,https://www.ledauphine.com/environnement/2021/04/09/espaces-naturels-sensibles-14-000-ha-sur-3-sites,"Les étangs de Crosagny, un site classé Natura 2000",https://www.ledauphine.com/environnement/2021/08/02/les-etangs-de-crosagny-un-site-classe-natura-2000,Des actions autour de l’Atlas de la biodiversité communale,https://www.ledauphine.com/environnement/2022/02/13/des-actions-autour-de-l-atlas-de-la-biodiversite-communale,Un guide pratique pour gérer la fréquentation touristique dans les espaces naturels,https://www.actu-environnement.com/ae/news/guide-parcs-naturels-regionaux-gerer-tourisme-collectivites-44506.php4,"Protection de la biodiversité, le rôle des parcs nationaux",https://www.cerema.fr/fr/actualites/protection-biodiversite-role-parcs-nationaux,"Dans le contexte du SCoT Drôme-Ardèche-Vaucluse, une parcelle de type 'Broussaille' est une zone de 7 hectares recouverte de joncs, bruyères, vieilles branches et jeunes plants, située dans des régions où les forêts ont été dévastées par les coupes rases. Cela se produit dans un contexte de rareté du foncier et de lutte contre l'artificialisation de sols, où la réhabilitation de tels terrains est un enjeu important. Ces zones peuvent également être considérées comme des friches, et leur réhabilitation peut accéder à un gisement de parcelle agricole ou forestière. Cependant, il est important de prendre en compte les incidences des projets sur les sites Natura 2000, qui sont des zones protégées visant à préserver des milieux naturels et des espèces rares à l'échelle de l'Union européenne. Les zones naturelles sensibles doivent également être prises en considération lors de l'aménagement du territoire."
Bâtiment,Aménager avec l’existant - retour sur les 2èmes rencontres ligériennes des acteurs de l'aménagement,https://www.cerema.fr/fr/actualites/amenager-existant-retour-2emes-rencontres-ligeriennes,Bonneville : le maire Stéphane Valli fait le point sur l’urbanisation de la commune,https://www.ledauphine.com/economie/2021/04/07/bonneville-le-maire-stephane-valli-fait-le-point-sur-l-urbanisation-de-la-commune,Une expertise du Cerema sur les stratégies foncières en faveur du logement et des activités (artisanat et industrie) : Regards croisés des acteurs locaux chargés de leur mise en oeuvre,https://www.cerema.fr/fr/actualites/expertise-du-cerema-strategies-foncieres-faveur-du-logement,"Savoir évaluer les incidences des projets sur les sites Natura 2000, un vade-mecum de la théorie à la pratique",https://www.cerema.fr/fr/actualites/savoir-evaluer-incidences-projets-sites-natura-2000-vade,Espaces naturels sensibles des Aravis : 14 000 ha sur 3 sites,https://www.ledauphine.com/environnement/2021/04/09/espaces-naturels-sensibles-14-000-ha-sur-3-sites,"Les étangs de Crosagny, un site classé Natura 2000",https://www.ledauphine.com/environnement/2021/08/02/les-etangs-de-crosagny-un-site-classe-natura-2000,Des actions autour de l’Atlas de la biodiversité communale,https://www.ledauphine.com/environnement/2022/02/13/des-actions-autour-de-l-atlas-de-la-biodiversite-communale,Un guide pratique pour gérer la fréquentation touristique dans les espaces naturels,https://www.actu-environnement.com/ae/news/guide-parcs-naturels-regionaux-gerer-tourisme-collectivites-44506.php4,"Protection de la biodiversité, le rôle des parcs nationaux",https://www.cerema.fr/fr/actualites/protection-biodiversite-role-parcs-nationaux,"Le contexte territorial pour une parcelle de type 'Bâtiment' est marqué par une croissance immobilière dans les communes, avec des projets en cours de construction. Cependant, il est important de prendre en compte la protection des milieux naturels, comme le réseau Natura 2000, lors de l'aménagement du territoire. Les acteurs de l'aménagement, tels que les élus, techniciens, aménageurs et promoteurs, doivent collaborer pour trouver des stratégies foncières en faveur du logement et des activités, tout en respectant les sites naturels sensibles. Les projets immobiliers doivent également être évalués en fonction de leur impact sur les sites Natura 2000."
Conifère,Le ministère de l'Agriculture s'engage à mieux prévenir et réutiliser le bois scolyté,https://www.actu-environnement.com/ae/news/ministere-agriculture-bois-scolytes-43885.php4,Le renouvellement forestier serait compromis par la surdensité des ongulés,https://www.actu-environnement.com/ae/news/renouvellement-forestier-compormis-concentration-ongules-rapport-onf-igedd-cgaaer-46855.php4,Comment les 310 ha de forêt de la commune sont-ils gérés ?,https://www.ledauphine.com/environnement/2021/08/12/isere-quaix-en-chartreuse-comment-les-310-ha-de-foret-de-la-commune-sont-ils-geres,"Savoir évaluer les incidences des projets sur les sites Natura 2000, un vade-mecum de la théorie à la pratique",https://www.cerema.fr/fr/actualites/savoir-evaluer-incidences-projets-sites-natura-2000-vade,Espaces naturels sensibles des Aravis : 14 000 ha sur 3 sites,https://www.ledauphine.com/environnement/2021/04/09/espaces-naturels-sensibles-14-000-ha-sur-3-sites,"Les étangs de Crosagny, un site classé Natura 2000",https://www.ledauphine.com/environnement/2021/08/02/les-etangs-de-crosagny-un-site-classe-natura-2000,Des actions autour de l’Atlas de la biodiversité communale,https://www.ledauphine.com/environnement/2022/02/13/des-actions-autour-de-l-atlas-de-la-biodiversite-communale,Un guide pratique pour gérer la fréquentation touristique dans les espaces naturels,https://www.actu-environnement.com/ae/news/guide-parcs-naturels-regionaux-gerer-tourisme-collectivites-44506.php4,"Protection de la biodiversité, le rôle des parcs nationaux",https://www.cerema.fr/fr/actualites/protection-biodiversite-role-parcs-nationaux,"Le contexte territorial pour une parcelle de type 'Conifère' dans le SCoT Drôme-Ardèche-Vaucluse est marqué par des sécheresses répétitives qui entraînent la mort de pins et favorisent le développement de scolytes, des coléoptères ravageurs. Le renouvellement forestier est compromis par la surdensité des ongulés sauvages. La forêt est gérée pour produire du bois de chauffage et le réseau écologique Natura 2000 est mis en place pour préserver des milieux naturels sensibles. Les étangs de Crosagny, un site Natura 2000, sont des espaces naturels magnifiques à découvrir."
Culture,"[A relire] Face aux difficultés, l'agriculture biologique plie mais ne rompt pas",https://www.actu-environnement.com/ae/news/agence-bio-chiffres-marche-bio-2021-40110.php4,Territoires bios pilotes : quand les collectivités s'emparent de la question agricole,https://www.actu-environnement.com/ae/news/agriculture-bio-territoires-engagement-charte-eau-preservation-ressource-PAT-installation-conversion-40744.php4,"Le sorgho, culture d’avenir pour la France en plein dérèglement climatique",https://www.lemonde.fr/planete/article/2022/10/24/le-sorgho-culture-d-avenir-face-au-rechauffement-climatique_6147042_3244.html,"Savoir évaluer les incidences des projets sur les sites Natura 2000, un vade-mecum de la théorie à la pratique",https://www.cerema.fr/fr/actualites/savoir-evaluer-incidences-projets-sites-natura-2000-vade,Espaces naturels sensibles des Aravis : 14 000 ha sur 3 sites,https://www.ledauphine.com/environnement/2021/04/09/espaces-naturels-sensibles-14-000-ha-sur-3-sites,"Les étangs de Crosagny, un site classé Natura 2000",https://www.ledauphine.com/environnement/2021/08/02/les-etangs-de-crosagny-un-site-classe-natura-2000,Des actions autour de l’Atlas de la biodiversité communale,https://www.ledauphine.com/environnement/2022/02/13/des-actions-autour-de-l-atlas-de-la-biodiversite-communale,Un guide pratique pour gérer la fréquentation touristique dans les espaces naturels,https://www.actu-environnement.com/ae/news/guide-parcs-naturels-regionaux-gerer-tourisme-collectivites-44506.php4,"Protection de la biodiversité, le rôle des parcs nationaux",https://www.cerema.fr/fr/actualites/protection-biodiversite-role-parcs-nationaux,"Le contexte territorial pour une parcelle de type 'Culture' se situe dans un contexte de développement durable et de préservation de l'environnement. Les collectivités locales encouragent la culture biologique, qui se développe en France malgré les difficultés rencontrées, comme la baisse de la consommation de ses produits. En parallèle, des cultures plus résistantes au dérèglement climatique sont encouragées, comme le sorgho. Le réseau Natura 2000, composé de sites visant à préserver des milieux naturels, est mis en place pour protéger des espaces naturels sensibles, comme les étangs de Crosagny. Les politiques en faveur de l'environnement sont complémentaires et visent à préserver la biodiversité et les paysages ruraux."
Feuillu,Le règlement relatif à la déforestation et à la dégradation des forêts à l'aube d'une remise en cause ?,https://www.actu-environnement.com/ae/news/reglement-ue-union-europeenne-deforestation-degradation-forets-44401.php4,"Plantations d’arbres, géo-ingénierie, biocarburants… ces fausses bonnes idées pour le climat qui mettent en danger la biodiversité",https://vert.eco/articles/plantations-darbres-geo-ingenierie-biocarburants-ces-fausses-bonnes-idees-pour-le-climat-qui-mettent-en-danger-la-biodiversite,La restauration écologique passe aussi par les écosystèmes herbacés,https://www.actu-environnement.com/ae/news/restauration-ecologique-ecosystemes-herbaces-biodiversite-stockage-carbone-40195.php4,"Savoir évaluer les incidences des projets sur les sites Natura 2000, un vade-mecum de la théorie à la pratique",https://www.cerema.fr/fr/actualites/savoir-evaluer-incidences-projets-sites-natura-2000-vade,Espaces naturels sensibles des Aravis : 14 000 ha sur 3 sites,https://www.ledauphine.com/environnement/2021/04/09/espaces-naturels-sensibles-14-000-ha-sur-3-sites,"Les étangs de Crosagny, un site classé Natura 2000",https://www.ledauphine.com/environnement/2021/08/02/les-etangs-de-crosagny-un-site-classe-natura-2000,Des actions autour de l’Atlas de la biodiversité communale,https://www.ledauphine.com/environnement/2022/02/13/des-actions-autour-de-l-atlas-de-la-biodiversite-communale,Un guide pratique pour gérer la fréquentation touristique dans les espaces naturels,https://www.actu-environnement.com/ae/news/guide-parcs-naturels-regionaux-gerer-tourisme-collectivites-44506.php4,"Protection de la biodiversité, le rôle des parcs nationaux",https://www.cerema.fr/fr/actualites/protection-biodiversite-role-parcs-nationaux,"Le contexte territorial pour une parcelle de type 'Feuillu' se situe dans un contexte de préservation et de restauration des écosystèmes forestiers, en lien avec le réseau écologique européen Natura 2000. En raison de la déforestation et de la dégradation des forêts, il est important de mettre en place des mesures pour préserver les forêts, notamment en évitant les pratiques telles que la plantation d'arbres, la géo-ingénierie et la production de biocarburants. Les écosystèmes herbacés sont également considérés comme importants à restaurer. Les sites naturels sensibles des Aravis, y compris les étangs de Crosagny, sont également protégés en tant que sites Natura 2000."
Neige,Le réchauffement climatique menace la quasi-totalité des stations de ski européennes,https://www.lemonde.fr/planete/article/2023/08/28/la-quasi-totalite-des-stations-de-ski-europeennes-menacees-par-le-rechauffement-climatique_6186865_3244.html,"Dans le Vercors et dans les Bauges, les stations pensent déjà à « l’après ski »",https://www.lemonde.fr/planete/article/2019/12/31/dans-le-vercors-et-dans-les-bauges-les-stations-pensent-deja-a-l-apres-ski_6024474_3244.html,Pourra-t-on encore skier en Europe dans un monde à +2 °C ?,https://vert.eco/articles/pourra-t-on-encore-skier-en-europe-dans-un-monde-a-2-c,"Savoir évaluer les incidences des projets sur les sites Natura 2000, un vade-mecum de la théorie à la pratique",https://www.cerema.fr/fr/actualites/savoir-evaluer-incidences-projets-sites-natura-2000-vade,Espaces naturels sensibles des Aravis : 14 000 ha sur 3 sites,https://www.ledauphine.com/environnement/2021/04/09/espaces-naturels-sensibles-14-000-ha-sur-3-sites,"Les étangs de Crosagny, un site classé Natura 2000",https://www.ledauphine.com/environnement/2021/08/02/les-etangs-de-crosagny-un-site-classe-natura-2000,Des actions autour de l’Atlas de la biodiversité communale,https://www.ledauphine.com/environnement/2022/02/13/des-actions-autour-de-l-atlas-de-la-biodiversite-communale,Un guide pratique pour gérer la fréquentation touristique dans les espaces naturels,https://www.actu-environnement.com/ae/news/guide-parcs-naturels-regionaux-gerer-tourisme-collectivites-44506.php4,"Protection de la biodiversité, le rôle des parcs nationaux",https://www.cerema.fr/fr/actualites/protection-biodiversite-role-parcs-nationaux,"Le contexte territorial pour une parcelle de type 'Neige' est marqué par le réchauffement climatique, qui menace la survie des stations de ski en Europe, notamment celles de moyenne montagne. Les stations doivent réfléchir à leur adaptation à un tourisme « quatre saisons » ou à renforcer les investissements en neige de culture. En parallèle, il est important de prendre en compte les sites Natura 2000, qui protègent des milieux naturels sensibles, comme les étangs de Crosagny, un exemple de site classé Natura 2000. La CCVT a également engagé une politique Espaces naturels sensibles (ENS), visant à protéger des zones naturelles."
Pelouse,La restauration écologique passe aussi par les écosystèmes herbacés,https://www.actu-environnement.com/ae/news/restauration-ecologique-ecosystemes-herbaces-biodiversite-stockage-carbone-40195.php4,"Fertilisation des prairies : au-delà d'un certain seuil, la biodiversité se perd",https://www.actu-environnement.com/ae/news/etude-inrae-cnrs-fertilisation-prairies-services-ecosystemiques-46288.php4,"A la ferme du Bec-Hellouin, la permaculture dopée aux savoirs d’antan",https://www.lemonde.fr/planete/article/2023/11/14/a-la-ferme-du-bec-hellouin-la-permaculture-dopee-aux-savoirs-d-antan_6199991_3244.html,"Savoir évaluer les incidences des projets sur les sites Natura 2000, un vade-mecum de la théorie à la pratique",https://www.cerema.fr/fr/actualites/savoir-evaluer-incidences-projets-sites-natura-2000-vade,Espaces naturels sensibles des Aravis : 14 000 ha sur 3 sites,https://www.ledauphine.com/environnement/2021/04/09/espaces-naturels-sensibles-14-000-ha-sur-3-sites,"Les étangs de Crosagny, un site classé Natura 2000",https://www.ledauphine.com/environnement/2021/08/02/les-etangs-de-crosagny-un-site-classe-natura-2000,Des actions autour de l’Atlas de la biodiversité communale,https://www.ledauphine.com/environnement/2022/02/13/des-actions-autour-de-l-atlas-de-la-biodiversite-communale,Un guide pratique pour gérer la fréquentation touristique dans les espaces naturels,https://www.actu-environnement.com/ae/news/guide-parcs-naturels-regionaux-gerer-tourisme-collectivites-44506.php4,"Protection de la biodiversité, le rôle des parcs nationaux",https://www.cerema.fr/fr/actualites/protection-biodiversite-role-parcs-nationaux,"Le contexte territorial pour une parcelle de type 'Pelouse' est marqué par l'importance de la restauration écologique des écosystèmes herbacés, qui ne doivent pas être négligés par rapport aux écosystèmes forestiers. La fertilisation excessive des prairies peut entraîner la perte de la biodiversité et des services écosystémiques tels que la séquestration du carbone, le filtrage de l'eau et la pâturage. La permaculture, qui combine des connaissances traditionnelles et des pratiques modernes, peut être appliquée pour restaurer et maintenir la biodiversité des prairies. Les sites Natura 2000, tels que les étangs de Crosagny, doivent être protégés pour préserver leur flore et leur faune typiques."
Piscine,Accessibilité des piscines : quelles spécificités ne pas oublier ?,https://www.cerema.fr/fr/actualites/accessibilite-piscines-quelles-specificites-ne-pas-oublier,Conflits d'usage lors de pénuries d'eau : audition par la mission d'information parlementaire et réutilisation des eaux usées traitées,https://www.cerema.fr/fr/actualites/conflits-usage-lors-penuries-eau-audition-mission,La sécheresse frappe le sud,https://www.ledauphine.com/environnement/2016/07/27/la-secheresse-frappe-le-sud,"Savoir évaluer les incidences des projets sur les sites Natura 2000, un vade-mecum de la théorie à la pratique",https://www.cerema.fr/fr/actualites/savoir-evaluer-incidences-projets-sites-natura-2000-vade,Espaces naturels sensibles des Aravis : 14 000 ha sur 3 sites,https://www.ledauphine.com/environnement/2021/04/09/espaces-naturels-sensibles-14-000-ha-sur-3-sites,"Les étangs de Crosagny, un site classé Natura 2000",https://www.ledauphine.com/environnement/2021/08/02/les-etangs-de-crosagny-un-site-classe-natura-2000,Des actions autour de l’Atlas de la biodiversité communale,https://www.ledauphine.com/environnement/2022/02/13/des-actions-autour-de-l-atlas-de-la-biodiversite-communale,Un guide pratique pour gérer la fréquentation touristique dans les espaces naturels,https://www.actu-environnement.com/ae/news/guide-parcs-naturels-regionaux-gerer-tourisme-collectivites-44506.php4,"Protection de la biodiversité, le rôle des parcs nationaux",https://www.cerema.fr/fr/actualites/protection-biodiversite-role-parcs-nationaux,"Les piscines sont des établissements de loisirs et de rééducation, susceptibles de conflits d'usage lors de pénuries d'eau, en particulier dans les zones de répartition des eaux (ZRE) en raison du changement climatique. Il est important de tenir compte de leurs spécificités d'usage et de leur impact sur les sites Natura 2000, tels que les étangs de Crosagny, qui sont des espaces naturels sensibles et protégés. La CCVT a également engagé des politiques pour protéger d'autres sites naturels, comme les Aravis."
Serre,L’agrivoltaïsme : quand les panneaux solaires viennent au secours de l’agriculture dans la vallée du Rhône,https://www.ledauphine.com/environnement/2021/09/04/l-agrivoltaisme-sort-de-l-ombre,Agrivoltaïsme et économies d'eau : les synergies émergent,https://www.actu-environnement.com/ae/news/video-agrivoltaisme-economie-eau-synergies-experimentation-41598.php4,Des agriculteurs du sud de la Drôme déplorent l’absence de véritable projet collectif d’irrigation,https://www.ledauphine.com/economie/2020/05/18/des-agriculteurs-du-sud-de-la-drome-deplorent-l-absence-de-veritable-projet-collectif-d-irrigation,"Savoir évaluer les incidences des projets sur les sites Natura 2000, un vade-mecum de la théorie à la pratique",https://www.cerema.fr/fr/actualites/savoir-evaluer-incidences-projets-sites-natura-2000-vade,Espaces naturels sensibles des Aravis : 14 000 ha sur 3 sites,https://www.ledauphine.com/environnement/2021/04/09/espaces-naturels-sensibles-14-000-ha-sur-3-sites,"Les étangs de Crosagny, un site classé Natura 2000",https://www.ledauphine.com/environnement/2021/08/02/les-etangs-de-crosagny-un-site-classe-natura-2000,Des actions autour de l’Atlas de la biodiversité communale,https://www.ledauphine.com/environnement/2022/02/13/des-actions-autour-de-l-atlas-de-la-biodiversite-communale,Un guide pratique pour gérer la fréquentation touristique dans les espaces naturels,https://www.actu-environnement.com/ae/news/guide-parcs-naturels-regionaux-gerer-tourisme-collectivites-44506.php4,"Protection de la biodiversité, le rôle des parcs nationaux",https://www.cerema.fr/fr/actualites/protection-biodiversite-role-parcs-nationaux,"Le contexte territorial pour une parcelle de type 'Serre' est marqué par l'agrivoltaïsme, une pratique qui combine l'agriculture et l'énergie solaire en offrant une protection ombrageuse aux vignes. Cette pratique permet également des économies d'eau. Cependant, dans le sud de la Drôme, les agriculteurs déplorent l'absence d'un projet collectif d'irrigation plus efficace que les forages individuels. En outre, il est important de prendre en compte les incidences des projets sur les sites Natura 2000, tels que les étangs de Crosagny, pour préserver la biodiversité et les milieux naturels. Enfin, la CCVT s'engage dans une politique Espaces naturels sensibles (ENS) pour protéger les sites naturels sensibles des Aravis."
Sol nu,"""Aléa versant rocheux sous-cavé : Caractérisation et évaluation"", un rapport méthodologique d'INERIS et du Cerema",https://www.cerema.fr/fr/actualites/alea-versant-rocheux-cave-caracterisation-evaluation-rapport,Reconvertir des friches (1/4) : enjeux et mode d'emploi,https://www.actu-environnement.com/ae/news/enjeux-et-mode-emploi-reconversion-des-friches-46774.php4,Prise en compte des sols urbains et péri-urbains : focus sur les travaux du Cerema,https://www.cerema.fr/fr/actualites/prise-compte-sols-urbains-peri-urbains-focus-travaux-du,"Savoir évaluer les incidences des projets sur les sites Natura 2000, un vade-mecum de la théorie à la pratique",https://www.cerema.fr/fr/actualites/savoir-evaluer-incidences-projets-sites-natura-2000-vade,Espaces naturels sensibles des Aravis : 14 000 ha sur 3 sites,https://www.ledauphine.com/environnement/2021/04/09/espaces-naturels-sensibles-14-000-ha-sur-3-sites,"Les étangs de Crosagny, un site classé Natura 2000",https://www.ledauphine.com/environnement/2021/08/02/les-etangs-de-crosagny-un-site-classe-natura-2000,Des actions autour de l’Atlas de la biodiversité communale,https://www.ledauphine.com/environnement/2022/02/13/des-actions-autour-de-l-atlas-de-la-biodiversite-communale,Un guide pratique pour gérer la fréquentation touristique dans les espaces naturels,https://www.actu-environnement.com/ae/news/guide-parcs-naturels-regionaux-gerer-tourisme-collectivites-44506.php4,"Protection de la biodiversité, le rôle des parcs nationaux",https://www.cerema.fr/fr/actualites/protection-biodiversite-role-parcs-nationaux,"Le contexte territorial pour une parcelle de type 'Sol nu' se situe dans un paysage marqué par une grande variété de mouvements de terrain et des zones sensibles écologiques, comme le réseau Natura 2000. Ce territoire est également confronté à des enjeux tels que l'artificialisation des sols, la gestion des eaux pluviales et la préservation de la biodiversité. En outre, il existe un intérêt croissant pour réhabiliter des friches, notamment en raison de la rareté du foncier. Le sol nu peut être considéré comme un gisement potentiel pour ces réhabilitations, mais il doit être pris en compte dans son contexte écologique et géologique pour évaluer les risques de mouvements de terrain et les incidences sur les sites Natura 2000."
Surface eau,Zones humides et captages : Des fiches du Cerema sur des actions de protection menées dans les territoires,https://www.cerema.fr/fr/actualites/zones-humides-captages-fiches-du-cerema-actions-protection,À la découverte du marais des Portières,https://www.ledauphine.com/environnement/2022/02/04/isere-saint-cassien-a-la-decouverte-du-marais-des-portieres,Une enquête du Département sur la fréquentation des lacs et marais de la Matheysine,https://www.ledauphine.com/environnement/2021/03/17/enquete-sur-la-frequentation-des-lacs-et-marais-de-la-matheysine,"Savoir évaluer les incidences des projets sur les sites Natura 2000, un vade-mecum de la théorie à la pratique",https://www.cerema.fr/fr/actualites/savoir-evaluer-incidences-projets-sites-natura-2000-vade,Espaces naturels sensibles des Aravis : 14 000 ha sur 3 sites,https://www.ledauphine.com/environnement/2021/04/09/espaces-naturels-sensibles-14-000-ha-sur-3-sites,"Les étangs de Crosagny, un site classé Natura 2000",https://www.ledauphine.com/environnement/2021/08/02/les-etangs-de-crosagny-un-site-classe-natura-2000,Des actions autour de l’Atlas de la biodiversité communale,https://www.ledauphine.com/environnement/2022/02/13/des-actions-autour-de-l-atlas-de-la-biodiversite-communale,Un guide pratique pour gérer la fréquentation touristique dans les espaces naturels,https://www.actu-environnement.com/ae/news/guide-parcs-naturels-regionaux-gerer-tourisme-collectivites-44506.php4,"Protection de la biodiversité, le rôle des parcs nationaux",https://www.cerema.fr/fr/actualites/protection-biodiversite-role-parcs-nationaux,"Le contexte territorial pour une parcelle de type 'Surface eau' dans le SCoT Drôme-Ardèche-Vaucluse est marqué par la protection et la conservation des zones humides, marais et lacs, qui jouent un rôle important en termes de biodiversité, hydrologie, biogéochimie et comme zone tampon. Ces espaces naturels sensibles, tels que les étangs de Crosagny, sont protégés par des politiques telles que Natura 2000, qui visent à préserver des milieux naturels et des espèces rares. Cependant, il est important d'évaluer les incidences des projets sur ces sites pour minimiser les impacts négatifs sur la biodiversité et la qualité de l'eau."
Terre labourée,Agroécologie : la difficile voie vers le zéro pesticide,https://www.actu-environnement.com/ae/news/agroecologie-test-sans-pesticides-dijon-inrae-41158.php4,"Fertilisation des prairies : au-delà d'un certain seuil, la biodiversité se perd",https://www.actu-environnement.com/ae/news/etude-inrae-cnrs-fertilisation-prairies-services-ecosystemiques-46288.php4,"Dans le Vaucluse, des terres agricoles polluées par un compost infesté de déchets plastiques",https://vert.eco/articles/dans-le-vaucluse-des-terres-polluees-par-un-compost-infeste-de-dechets-plastiques,"Savoir évaluer les incidences des projets sur les sites Natura 2000, un vade-mecum de la théorie à la pratique",https://www.cerema.fr/fr/actualites/savoir-evaluer-incidences-projets-sites-natura-2000-vade,Espaces naturels sensibles des Aravis : 14 000 ha sur 3 sites,https://www.ledauphine.com/environnement/2021/04/09/espaces-naturels-sensibles-14-000-ha-sur-3-sites,"Les étangs de Crosagny, un site classé Natura 2000",https://www.ledauphine.com/environnement/2021/08/02/les-etangs-de-crosagny-un-site-classe-natura-2000,Des actions autour de l’Atlas de la biodiversité communale,https://www.ledauphine.com/environnement/2022/02/13/des-actions-autour-de-l-atlas-de-la-biodiversite-communale,Un guide pratique pour gérer la fréquentation touristique dans les espaces naturels,https://www.actu-environnement.com/ae/news/guide-parcs-naturels-regionaux-gerer-tourisme-collectivites-44506.php4,"Protection de la biodiversité, le rôle des parcs nationaux",https://www.cerema.fr/fr/actualites/protection-biodiversite-role-parcs-nationaux,"Le contexte territorial pour une parcelle de type 'Terre labourée' se situe dans un cadre de développement durable et de protection de l'environnement. L'agroécologie est une pratique agricole en vogue qui vise à réduire l'utilisation de pesticides et de travail du sol. Cependant, il est important de ne pas perturber l'écosystème des prairies au-delà d'un certain seuil, car cela peut entraîner la perte de services écosystémiques comme la séquestration du carbone, le filtrage de l'eau ou le pâturage. Il est également important de prendre en compte les incidences des projets sur les sites Natura 2000, un réseau européen de sites naturels sensibles. Enfin, il est important de protéger les espaces naturels sensibles des Aravis et les sites classés Natura 2000, comme les étangs de Crosagny, qui abritent une flore et une faune typiques."
Vigne,Drôme et Ardèche : ce que contient le plan régional de soutien à la viticulture,https://www.ledauphine.com/economie/2021/03/07/drome-et-ardeche-ce-que-contient-le-plan-regional-de-soutien-a-la-viticulture,Des ambitions à l’export,https://www.ledauphine.com/economie/2019/11/05/des-ambitions-a-l-export-rcnb,Des ambitions à l’export,https://www.ledauphine.com/economie/2019/11/05/des-ambitions-a-l-export-ctbn,"Savoir évaluer les incidences des projets sur les sites Natura 2000, un vade-mecum de la théorie à la pratique",https://www.cerema.fr/fr/actualites/savoir-evaluer-incidences-projets-sites-natura-2000-vade,Espaces naturels sensibles des Aravis : 14 000 ha sur 3 sites,https://www.ledauphine.com/environnement/2021/04/09/espaces-naturels-sensibles-14-000-ha-sur-3-sites,"Les étangs de Crosagny, un site classé Natura 2000",https://www.ledauphine.com/environnement/2021/08/02/les-etangs-de-crosagny-un-site-classe-natura-2000,Des actions autour de l’Atlas de la biodiversité communale,https://www.ledauphine.com/environnement/2022/02/13/des-actions-autour-de-l-atlas-de-la-biodiversite-communale,Un guide pratique pour gérer la fréquentation touristique dans les espaces naturels,https://www.actu-environnement.com/ae/news/guide-parcs-naturels-regionaux-gerer-tourisme-collectivites-44506.php4,"Protection de la biodiversité, le rôle des parcs nationaux",https://www.cerema.fr/fr/actualites/protection-biodiversite-role-parcs-nationaux,"Le contexte territorial pour une parcelle de type 'Vigne' dans le SCoT Drôme-Ardèche-Vaucluse se caractérise par des ambitions d'exportation de vins de qualité, principalement issus du sud de la France, notamment la Vallée du Rhône, la Provence, le Languedoc-Roussillon et le Sud-Ouest. Cependant, il est important de tenir compte des sites Natura 2000, qui visent à préserver des milieux naturels et des espèces menacées à l'échelle de l'Union européenne. En outre, il est nécessaire de respecter les espaces naturels sensibles et les sites classés Natura 2000, comme les étangs de Crosagny, pour préserver leur flore et leur faune."
Zone imperméable,Stabilisation du phénomène de retrait-gonflement des sols argileux sous les habitations : un système innovant par infiltration d’eau de pluie,https://www.cerema.fr/fr/actualites/stabilisation-du-phenomene-retrait-gonflement-sols-argileux,Adapter les routes aux impacts du changement climatique: l'Observatoire des Routes Sinistrées par la Sécheresse,https://www.cerema.fr/fr/actualites/adapter-routes-aux-impacts-du-changement-climatique,Instrumentation de la digue de La Riche : première étape vers un observatoire des interactions sols-climat,https://www.cerema.fr/fr/actualites/instrumentation-digue-riche-premiere-etape-observatoire,"Savoir évaluer les incidences des projets sur les sites Natura 2000, un vade-mecum de la théorie à la pratique",https://www.cerema.fr/fr/actualites/savoir-evaluer-incidences-projets-sites-natura-2000-vade,Espaces naturels sensibles des Aravis : 14 000 ha sur 3 sites,https://www.ledauphine.com/environnement/2021/04/09/espaces-naturels-sensibles-14-000-ha-sur-3-sites,"Les étangs de Crosagny, un site classé Natura 2000",https://www.ledauphine.com/environnement/2021/08/02/les-etangs-de-crosagny-un-site-classe-natura-2000,Des actions autour de l’Atlas de la biodiversité communale,https://www.ledauphine.com/environnement/2022/02/13/des-actions-autour-de-l-atlas-de-la-biodiversite-communale,Un guide pratique pour gérer la fréquentation touristique dans les espaces naturels,https://www.actu-environnement.com/ae/news/guide-parcs-naturels-regionaux-gerer-tourisme-collectivites-44506.php4,"Protection de la biodiversité, le rôle des parcs nationaux",https://www.cerema.fr/fr/actualites/protection-biodiversite-role-parcs-nationaux,"Dans le contexte territorial du SCoT Drôme-Ardèche-Vaucluse, une parcelle de type 'Zone imperméable' se trouve dans un espace naturel protégé, tels que les sites Natura 2000. Ces zones sont dédiées à la conservation de milieux naturels, d'espèces animales et végétales d'importance européenne. Les projets dans ces zones doivent être évalués pour déterminer leur impact sur la biodiversité. La CCVT a également engagé une politique d'Espaces naturels sensibles (ENS), qui vise à protéger des zones naturelles sensibles à l'échelle locale. Des actions sont menées autour de l'Atlas de la biodiversité communale pour recenser et protéger le patrimoine naturel. Un guide pratique a été publié pour gérer la fréquentation touristique dans les espaces naturels, avec un accent sur la protection de la biodiversité. Les parcs nationaux jouent un rôle important dans la gestion de l'interface ville-nature, la gestion des espèces envahissantes et la sensibilisation à la protection de la biodiversité."
Zone perméable,Zones humides et captages : Des fiches du Cerema sur des actions de protection menées dans les territoires,https://www.cerema.fr/fr/actualites/zones-humides-captages-fiches-du-cerema-actions-protection,"Nouvel ouvrage : ""Jardins de pluie - Une dimension écologique et paysagère de l’aménagement""",https://www.cerema.fr/fr/actualites/nouvel-ouvrage-jardins-pluie-dimension-ecologique-paysagere,Une parcelle pour des jardins partagés,https://www.ledauphine.com/environnement/2021/05/12/isere-la-forteresse-une-passerelle-pour-des-jardins-partages,"Savoir évaluer les incidences des projets sur les sites Natura 2000, un vade-mecum de la théorie à la pratique",https://www.cerema.fr/fr/actualites/savoir-evaluer-incidences-projets-sites-natura-2000-vade,Espaces naturels sensibles des Aravis : 14 000 ha sur 3 sites,https://www.ledauphine.com/environnement/2021/04/09/espaces-naturels-sensibles-14-000-ha-sur-3-sites,"Les étangs de Crosagny, un site classé Natura 2000",https://www.ledauphine.com/environnement/2021/08/02/les-etangs-de-crosagny-un-site-classe-natura-2000,Des actions autour de l’Atlas de la biodiversité communale,https://www.ledauphine.com/environnement/2022/02/13/des-actions-autour-de-l-atlas-de-la-biodiversite-communale,Un guide pratique pour gérer la fréquentation touristique dans les espaces naturels,https://www.actu-environnement.com/ae/news/guide-parcs-naturels-regionaux-gerer-tourisme-collectivites-44506.php4,"Protection de la biodiversité, le rôle des parcs nationaux",https://www.cerema.fr/fr/actualites/protection-biodiversite-role-parcs-nationaux,"Dans le contexte territorial du SCoT Drôme-Ardèche-Vaucluse, les zones perméables sont des espaces qui combinent l'eau et la végétation dans l'espace public, comme le montre l'article ""Jardins de pluie - Une dimension écologique et paysagère de l'aménagement"". Ces zones sont souvent utilisées pour la gestion de l'eau pluviale, qui est devenue un enjeu majeur, comme le souligne l'article ""Nouvel ouvrage : 'Jardins de pluie - Une dimension écologique et paysagère de l'aménagement'"". Les zones perméables peuvent également être des sites naturels sensibles, comme le montre le dispositif Natura 2000, qui visent à préserver des milieux naturels et des espèces menacées. Par exemple, les étangs de Crosagny, un site classé Natura 2000, possèdent une flore typique et accueillent de nombreuses espèces animales. Les zones perméables peuvent également être des zones humides, qui ont des fonctions hydrologiques, biogéochimiques et liées à la biodiversité, comme le montre l'article des"
